"fiscal_year","category","sub_category","line_item","utah_schools_for_the_deaf_and_the_blind","heber_valley_historic_railroad_authority","weber_state_university","southern_utah_university","salt_lake_community_college","utah_valley_university","utah_tech_university","snow_college","technical_colleges","total_nonmajor_component_units","utah_state_fair_corporation","comprehensive_health_insurance_pool","college_of_eastern_university","college_of_eastern_utah","military_installation_development_authority","utah_communications_authority","point_of_the_mountain_development_authority","utah_inland_port_authority","state_fair_park_authority","utah_lake_authority","utah_board_of_higher_education","utah_water_ways_partnership","college_of_eastern_utah_transferred_to_utah_state_university"
2024,"Expenses",NA,"Expenses",57938000,3772000,316445000,254730000,273831000,509082000,171804000,72606000,213448000,2098235000,NA,NA,NA,NA,153344000,30474000,1736000,28564000,7839000,1935000,NA,687000,NA
2024,"General Revenues",NA,"Adjustment to Beginning Net Position",NA,NA,NA,38816000,NA,NA,NA,NA,15008000,-315728000,NA,NA,NA,NA,NA,NA,NA,NA,NA,NA,-369552000,NA,NA
2024,"General Revenues",NA,"Change in Net Position",-3671000,1643000,68812000,5606000,52748000,30220000,8694000,19958000,51023000,192156000,NA,NA,NA,NA,-92424000,33598000,206000,11536000,1941000,-478000,0,2744000,NA
2024,"General Revenues",NA,"Gain (Loss) on Sale of Capital Assets",NA,23000,NA,NA,NA,NA,NA,NA,201000,314000,NA,NA,NA,NA,NA,90000,NA,NA,NA,NA,NA,NA,NA
2024,"General Revenues",NA,"Miscellaneous",NA,19000,NA,NA,NA,NA,NA,NA,11000,34628000,NA,NA,NA,NA,3406000,2875000,NA,27502000,784000,NA,NA,31000,NA
2024,"General Revenues",NA,"Net Position – Beginning",41994000,7620000,837700000,281452000,482436000,908324000,333571000,143012000,347350000,3905030000,NA,NA,NA,NA,-20601000,121650000,10750000,27190000,11826000,1204000,369552000,0,NA
2024,"General Revenues",NA,"Net Position – Beginning as Adjusted",41994000,7620000,837700000,320268000,482436000,908324000,333571000,143012000,362358000,3589302000,NA,NA,NA,NA,-20601000,121650000,10750000,27190000,11826000,1204000,0,0,NA
2024,"General Revenues",NA,"Net Position – Ending",38323000,9263000,906512000,325874000,535184000,938544000,342265000,162970000,413381000,3781458000,NA,NA,NA,NA,-113025000,155248000,10956000,38726000,13767000,726000,0,2744000,NA
2024,"General Revenues",NA,"Permanent Endowments Contributions",NA,NA,2113000,1120000,2152000,6394000,245000,199000,25000,12248000,NA,NA,NA,NA,NA,NA,NA,NA,NA,NA,NA,NA,NA
2024,"General Revenues",NA,"State Appropriations",41454000,NA,150568000,74465000,142433000,189430000,64584000,46999000,154843000,898526000,NA,NA,NA,NA,NA,32000000,1750000,NA,NA,NA,NA,NA,NA
2024,"General Revenues",NA,"Total General Revenues, Contributions and Other",41454000,42000,152681000,75585000,144585000,195824000,64829000,47198000,155080000,945716000,NA,NA,NA,NA,3406000,34965000,1750000,27502000,784000,0,0,31000,NA
2024,"Program Revenues","Charges for Services:","Sales, Services, and Other Revenues",11436000,4182000,28336000,25530000,7058000,26759000,17346000,7140000,11333000,155424000,NA,NA,NA,NA,6731000,577000,NA,NA,8996000,NA,NA,NA,NA
2024,"Program Revenues","Charges for Services:","Scholarship Allowances",NA,NA,-42459000,-45234000,-27611000,-58386000,-32223000,-5804000,-6561000,-218278000,NA,NA,NA,NA,NA,NA,NA,NA,NA,NA,NA,NA,NA
2024,"Program Revenues","Charges for Services:","Tuition and Fees",NA,NA,136417000,135396000,79940000,217920000,82493000,18221000,21146000,691533000,NA,NA,NA,NA,NA,NA,NA,NA,NA,NA,NA,NA,NA
2024,"Program Revenues",NA,"Capital Grants and Contributions",NA,NA,14154000,7718000,42712000,17271000,8581000,19845000,45608000,193823000,NA,NA,NA,NA,34751000,NA,NA,3183000,NA,NA,NA,NA,NA
2024,"Program Revenues",NA,"Net (Expenses) Revenues",-45125000,1601000,-83869000,-69979000,-91837000,-165604000,-56135000,-27240000,-104057000,-753560000,NA,NA,NA,NA,-95830000,-1367000,-1544000,-15966000,1157000,-478000,0,2713000,NA
2024,"Program Revenues",NA,"Operating Grants and Contributions",1377000,1191000,96128000,61341000,79895000,139914000,39472000,5964000,37865000,522173000,NA,NA,NA,NA,16032000,28530000,192000,9415000,NA,1457000,NA,3400000,NA
2024,"Program Revenues",NA,"Total Program Revenues",12813000,5373000,232576000,184751000,181994000,343478000,115669000,45366000,109391000,1344675000,NA,NA,NA,NA,57514000,29107000,192000,12598000,8996000,1457000,0,3400000,NA
2023,"Expenses",NA,"Expenses",53289000,3242000,298593000,231755000,254494000,453709000,160784000,64673000,167710000,2033599000,NA,NA,NA,NA,189769000,20406000,2220000,30747000,6186000,324000,95698000,NA,NA
2023,"General Revenues",NA,"Gain (Loss) on Lease Remeasurement",NA,NA,NA,NA,NA,NA,NA,NA,NA,1287000,NA,NA,NA,NA,NA,NA,NA,1287000,NA,NA,NA,NA,NA
2023,"General Revenues",NA,"Gain (Loss) on Sale of Capital Assets",NA,NA,NA,NA,NA,NA,NA,NA,-59000,-82000,NA,NA,NA,NA,NA,-155000,NA,NA,132000,NA,NA,NA,NA
2023,"General Revenues",NA,"Miscellaneous",NA,1554000,64000,NA,NA,1102000,NA,295000,NA,51317000,NA,NA,NA,NA,2476000,NA,NA,17306000,1382000,NA,27138000,NA,NA
2023,"General Revenues",NA,"Permanent Endowments Contributions.",NA,NA,8915000,1015000,990000,70000,6112000,20000,NA,17122000,NA,NA,NA,NA,NA,NA,NA,NA,NA,NA,NA,NA,NA
2023,"General Revenues",NA,"Special Item (See Note 2)",NA,NA,NA,NA,NA,NA,NA,NA,NA,-18000000,NA,NA,NA,NA,-18000000,NA,NA,NA,NA,NA,NA,NA,NA
2023,"General Revenues",NA,"State Appropriations",40594000,NA,121390000,67642000,132288000,171955000,62814000,42994000,128717000,892109000,NA,NA,NA,NA,NA,37000000,1750000,3198000,NA,NA,81767000,NA,NA
2023,"General Revenues",NA,"Total General Revenues, Contributions and Other",40594000,1554000,130369000,68657000,133278000,171955000,63986000,49106000,128973000,943753000,NA,NA,NA,NA,-15524000,36845000,1750000,21791000,1514000,0,108905000,NA,NA
2023,"Net Position",NA,"Adjustment to Beginning Net Position.",NA,NA,NA,NA,2179000,1407000,NA,NA,NA,-38600000,NA,NA,NA,NA,-35506000,NA,-6680000,NA,NA,NA,NA,NA,NA
2023,"Net Position",NA,"Change in Net Position",506000,2109000,112779000,8405000,26281000,54734000,22382000,14118000,12733000,130452000,NA,NA,NA,NA,-198048000,18499000,158000,4102000,5896000,1204000,44594000,NA,NA
2023,"Net Position",NA,"Net Position - Beginning",41488000,5511000,724921000,273047000,456155000,851411000,309782000,128894000,334617000,3813178000,NA,NA,NA,NA,212953000,103151000,10592000,29768000,5930000,NA,324958000,NA,NA
2023,"Net Position",NA,"Net Position - Beginning as Adjusted",41488000,5511000,724921000,273047000,456155000,853590000,311189000,128894000,334617000,3774578000,NA,NA,NA,NA,177447000,103151000,10592000,23088000,5930000,0,324958000,NA,NA
2023,"Net Position",NA,"Net Position - Ending.",41994000,7620000,837700000,281452000,482436000,908324000,333571000,143012000,347350000,3905030000,NA,NA,NA,NA,-20601000,121650000,10750000,27190000,11826000,1204000,369552000,NA,NA
2023,"Program Revenues","Charges for Services:","Sales, Services, and Other Revenues",11563000,3797000,26594000,28792000,18161000,34252000,19465000,221000,-6752000,146860000,NA,NA,NA,NA,1993000,1306000,NA,NA,7468000,NA,NA,NA,NA
2023,"Program Revenues","Charges for Services:","Scholarship Allowances",NA,NA,-41260000,-44533000,-25042000,-51259000,-33052000,-11687000,-5912000,-212745000,NA,NA,NA,NA,NA,NA,NA,NA,NA,NA,NA,NA,NA
2023,"Program Revenues","Charges for Services:","Tuition and Fees",NA,NA,131036000,130660000,75728000,207646000,83206000,19332000,19613000,667221000,NA,NA,NA,NA,NA,NA,NA,NA,NA,NA,NA,NA,NA
2023,"Program Revenues",NA,"Capital Grants and Contributions.",NA,NA,60506000,5793000,11633000,5010000,17378000,20389000,6416000,138930000,NA,NA,NA,NA,2205000,NA,NA,6500000,3100000,NA,NA,NA,NA
2023,"Program Revenues",NA,"Net (Expenses) Revenues.",-40088000,555000,-17590000,-60252000,-106997000,-117221000,-41604000,-34988000,-116240000,-813301000,NA,NA,NA,NA,-182524000,-18346000,-1592000,-17689000,4382000,1204000,-64311000,NA,NA
2023,"Program Revenues",NA,"Operating Grants and Contributions",1638000,NA,104127000,50791000,67017000,140839000,32183000,1430000,38105000,480032000,NA,NA,NA,NA,3047000,754000,628000,6558000,NA,1528000,31387000,NA,NA
2023,"Program Revenues",NA,"Total Program Revenues",13201000,3797000,281003000,171503000,147497000,336488000,119180000,29685000,51470000,1220298000,NA,NA,NA,NA,7245000,2060000,628000,13058000,10568000,1528000,31387000,NA,NA
2022,"Expenses",NA,"Expenses",48011000,2838000,304150000,210477000,253038000,455051000,168224000,64908000,147348000,1777425000,NA,NA,NA,NA,19672000,13801000,2481000,15112000,5991000,NA,66323000,NA,NA
2022,"Expenses",NA,"Net (Expenses) Revenues",-36096000,1190000,-115248000,-42596000,-108242000,-60343000,7404000,-30303000,-81957000,-92159000,NA,NA,NA,NA,152848000,-12126000,-2481000,-15019000,-1906000,NA,252716000,NA,NA
2022,"General Revenues",NA,"Gain (Loss) on Sale of Capital Assets",NA,-77000,NA,NA,NA,NA,NA,NA,67000,141000,NA,NA,NA,NA,NA,139000,NA,NA,12000,NA,NA,NA,NA
2022,"General Revenues",NA,"Miscellaneous",NA,NA,1526000,NA,NA,NA,21000,NA,594000,11319000,NA,NA,NA,NA,2103000,NA,17000,6575000,271000,NA,212000,NA,NA
2022,"General Revenues",NA,"Permanent Endowments Contributions",NA,NA,NA,1910000,598000,NA,496000,446000,20000,6630000,NA,NA,NA,NA,NA,NA,NA,NA,NA,NA,3160000,NA,NA
2022,"General Revenues",NA,"State Appropriations",38866000,NA,105219000,54580000,115805000,145428000,51916000,33272000,112180000,784322000,NA,NA,NA,NA,NA,32000000,8250000,18856000,3750000,NA,64200000,NA,NA
2022,"General Revenues",NA,"Total General Revenues and Contributions",38866000,-77000,109905000,56490000,116403000,145428000,52433000,33718000,112861000,802412000,NA,NA,NA,NA,2103000,32139000,8267000,25431000,4033000,NA,64412000,NA,NA
2022,"Net Position",NA,"Adjustment to Beginning Net Position",NA,NA,NA,NA,2607000,NA,NA,NA,NA,2607000,NA,NA,NA,NA,NA,NA,NA,NA,NA,NA,NA,NA,NA
2022,"Net Position",NA,"Change in Net Position",2770000,1113000,-5343000,13894000,8161000,85085000,59837000,3415000,30904000,710253000,NA,NA,NA,NA,154951000,20013000,5786000,10412000,2127000,NA,317128000,NA,NA
2022,"Net Position",NA,"Net Position – Beginning",38718000,4398000,730264000,259153000,445387000,766326000,249945000,125479000,303713000,3100318000,NA,NA,NA,NA,58002000,83138000,4806000,19356000,3803000,NA,7830000,NA,NA
2022,"Net Position",NA,"Net Position – Beginning as Adjusted",38718000,4398000,730264000,259153000,447994000,766326000,249945000,125479000,303713000,3102925000,NA,NA,NA,NA,58002000,83138000,4806000,19356000,3803000,NA,7830000,NA,NA
2022,"Net Position",NA,"Net Position – Ending",41488000,5511000,724921000,273047000,456155000,851411000,309782000,128894000,334617000,3813178000,NA,NA,NA,NA,212953000,103151000,10592000,29768000,5930000,NA,324958000,NA,NA
2022,"Program Revenues","Charges for Services:","Sales, Services, and Other Revenues",10155000,3785000,24234000,22574000,13696000,25819000,18980000,4851000,-5335000,295069000,NA,NA,NA,NA,171773000,452000,NA,NA,4085000,NA,NA,NA,NA
2022,"Program Revenues","Charges for Services:","Scholarship Allowances",NA,NA,-51888000,-54395000,-25280000,-51582000,-33129000,-7631000,-5366000,-229271000,NA,NA,NA,NA,NA,NA,NA,NA,NA,NA,NA,NA,NA
2022,"Program Revenues","Charges for Services:","Tuition and Fees",NA,NA,129885000,127442000,73607000,200240000,80829000,17690000,18563000,648256000,NA,NA,NA,NA,NA,NA,NA,NA,NA,NA,NA,NA,NA
2022,"Program Revenues",NA,"Capital Grants and Contributions",NA,NA,7380000,15202000,1309000,49242000,63774000,15560000,18596000,171156000,NA,NA,NA,NA,NA,NA,NA,93000,NA,NA,NA,NA,NA
2022,"Program Revenues",NA,"Operating Grants and Contributions",1760000,243000,79291000,57058000,81464000,170989000,45174000,4135000,38933000,800056000,NA,NA,NA,NA,747000,1223000,NA,NA,NA,NA,319039000,NA,NA
2022,"Program Revenues",NA,"Total Program Revenues",11915000,4028000,188902000,167881000,144796000,394708000,175628000,34605000,65391000,1685266000,NA,NA,NA,NA,172520000,1675000,0,93000,4085000,NA,319039000,NA,NA
2021,"Expenses",NA,"Expenses",43484000,3830000,273427000,180856000,230652000,406202000,146304000,55954000,139358000,1507729000,3365000,NA,NA,NA,3696000,14361000,2162000,4078000,NA,NA,NA,NA,NA
2021,"Expenses",NA,"Net (Expenses) Revenues",-32461000,765000,-21490000,-25550000,-75807000,-54737000,-26952000,-36073000,-22381000,-271878000,-651000,NA,NA,NA,29983000,-12784000,-2162000,8422000,NA,NA,NA,NA,NA
2021,"General Revenues",NA,"Gain (Loss) on Sale of Capital Assets",40000,NA,NA,NA,NA,NA,NA,NA,71000,143000,32000,NA,NA,NA,NA,NA,NA,NA,NA,NA,NA,NA,NA
2021,"General Revenues",NA,"Miscellaneous",NA,574000,457000,NA,NA,NA,1786000,NA,121000,11346000,232000,NA,NA,NA,1211000,NA,6000,6959000,NA,NA,NA,NA,NA
2021,"General Revenues",NA,"Permanent Endowments Contributions",NA,NA,3873000,662000,780000,NA,239000,514000,NA,6068000,NA,NA,NA,NA,NA,NA,NA,NA,NA,NA,NA,NA,NA
2021,"General Revenues",NA,"State Appropriations",35205000,NA,101291000,52558000,111183000,146897000,47678000,30756000,96532000,663499000,NA,NA,NA,NA,NA,31464000,6585000,3350000,NA,NA,NA,NA,NA
2021,"General Revenues",NA,"Total General Revenues and Contributions",35245000,574000,105621000,53220000,111963000,146897000,49703000,31270000,96724000,681056000,264000,NA,NA,NA,1211000,31464000,6591000,10309000,NA,NA,NA,NA,NA
2021,"Net Position",NA,"Adjustment to Beginning Net Position",NA,NA,438000,NA,NA,-168000,NA,NA,NA,270000,NA,NA,NA,NA,NA,NA,NA,NA,NA,NA,NA,NA,NA
2021,"Net Position",NA,"Change in Net Position",2784000,1339000,84131000,27670000,36156000,92160000,22751000,-4803000,74343000,409178000,-387000,NA,NA,NA,31194000,18680000,4429000,18731000,NA,NA,NA,NA,NA
2021,"Net Position",NA,"Net Position – Beginning",35934000,3059000,646133000,231483000,408793000,674166000,227362000,130282000,229370000,2683040000,4190000,NA,NA,NA,26808000,64458000,377000,625000,NA,NA,NA,NA,NA
2021,"Net Position",NA,"Net Position – Beginning as Adjusted",35934000,3059000,646133000,231483000,409231000,674166000,227194000,130282000,229370000,2683310000,4190000,NA,NA,NA,26808000,64458000,377000,625000,NA,NA,NA,NA,NA
2021,"Net Position",NA,"Net Position – Ending",38718000,4398000,730264000,259153000,445387000,766326000,249945000,125479000,303713000,3092488000,3803000,NA,NA,NA,58002000,83138000,4806000,19356000,NA,NA,NA,NA,NA
2021,"Program Revenues","Charges for Services:","Sales, Services, and Other Revenues",9354000,4593000,19018000,15125000,16256000,17355000,10987000,4664000,10482000,124364000,2714000,NA,NA,NA,13496000,320000,NA,NA,NA,NA,NA,NA,NA
2021,"Program Revenues","Charges for Services:","Scholarship Allowances",NA,NA,-40628000,-40972000,-25473000,-55306000,-22377000,-6797000,-3209000,-194762000,NA,NA,NA,NA,NA,NA,NA,NA,NA,NA,NA,NA,NA
2021,"Program Revenues","Charges for Services:","Tuition and Fees",NA,NA,124969000,117130000,77315000,204543000,67859000,16414000,15019000,623249000,NA,NA,NA,NA,NA,NA,NA,NA,NA,NA,NA,NA,NA
2021,"Program Revenues",NA,"Capital Grants and Contributions",NA,NA,10542000,3664000,5051000,14254000,5130000,4548000,71830000,147519000,NA,NA,NA,NA,20000000,NA,NA,12500000,NA,NA,NA,NA,NA
2021,"Program Revenues",NA,"Operating Grants and Contributions",1669000,2000,138036000,60359000,81696000,170619000,57753000,1052000,22855000,535481000,NA,NA,NA,NA,183000,1257000,NA,NA,NA,NA,NA,NA,NA
2021,"Program Revenues",NA,"Total Program Revenues",11023000,4595000,251937000,155306000,154845000,351465000,119352000,19881000,116977000,1235851000,2714000,NA,NA,NA,33679000,1577000,0,12500000,NA,NA,NA,NA,NA
2020,"Expenses",NA,"Expenses",44503000,2301000,252571000,179045000,213253000,385244000,121472000,57881000,133221000,1412871000,5827000,NA,NA,NA,4046000,10689000,523000,2295000,NA,NA,NA,NA,NA
2020,"General Revenues",NA,"Gain (Loss) on Sale of Capital Assets",NA,NA,NA,NA,NA,NA,NA,NA,111000,215000,77000,NA,NA,NA,NA,27000,NA,NA,NA,NA,NA,NA,NA
2020,"General Revenues",NA,"Miscellaneous",NA,2000,2439000,NA,NA,NA,NA,NA,79000,22030000,NA,NA,NA,NA,19510000,NA,NA,NA,NA,NA,NA,NA,NA
2020,"General Revenues",NA,"Permanent Endowments Contributions",NA,NA,2588000,1331000,598000,NA,86000,494000,20000,5117000,NA,NA,NA,NA,NA,NA,NA,NA,NA,NA,NA,NA,NA
2020,"General Revenues",NA,"State Appropriations",32510000,550000,91724000,45543000,102985000,109627000,41080000,28610000,96873000,580081000,NA,NA,NA,NA,NA,28179000,900000,1500000,NA,NA,NA,NA,NA
2020,"General Revenues",NA,"Total General Revenues and Contributions",32510000,2000,96751000,46874000,103583000,109627000,41166000,29104000,97083000,607443000,627000,NA,NA,NA,19510000,28206000,900000,1500000,NA,NA,NA,NA,NA
2020,"Net Position",NA,"Change in Net Position",12223000,290000,25484000,1875000,21295000,45007000,44206000,14485000,13352000,226482000,709000,NA,NA,NA,20545000,27411000,377000,-777000,NA,NA,NA,NA,NA
2020,"Net Position",NA,"Net Position - Beginning",23711000,2769000,620649000,229608000,387498000,629159000,183156000,115797000,216018000,2456558000,3481000,NA,NA,NA,6263000,37047000,NA,1402000,NA,NA,NA,NA,NA
2020,"Net Position",NA,"Net Position - Ending",35934000,3059000,646133000,231483000,408793000,674166000,227362000,130282000,229370000,2683040000,4190000,NA,NA,NA,26808000,64458000,377000,625000,NA,NA,NA,NA,NA
2020,"Program Revenues","Charges for Services:","Sales, Services, and Other Revenues",8368000,2588000,26611000,21252000,22923000,31607000,18377000,5834000,-807000,156191000,5909000,NA,NA,NA,4806000,8723000,NA,NA,NA,NA,NA,NA,NA
2020,"Program Revenues","Charges for Services:","Scholarship Allowances",NA,NA,-39183000,-32907000,-19925000,-55306000,-16239000,-6481000,-3705000,-173746000,NA,NA,NA,NA,NA,NA,NA,NA,NA,NA,NA,NA,NA
2020,"Program Revenues","Charges for Services:","Tuition and Fees",NA,NA,127052000,104030000,79279000,201412000,64098000,16949000,15039000,607859000,NA,NA,NA,NA,NA,NA,NA,NA,NA,NA,NA,NA,NA
2020,"Program Revenues",NA,"Capital Grants and Contributions",14573000,NA,6513000,5004000,363000,4278000,29576000,25053000,16819000,102179000,NA,NA,NA,NA,NA,NA,NA,NA,NA,NA,NA,NA,NA
2020,"Program Revenues",NA,"Net (Expenses) Revenues",-20287000,288000,-71267000,-44999000,-82288000,-64620000,3040000,-14619000,-83731000,-380961000,82000,NA,NA,NA,1035000,-795000,-523000,-2277000,NA,NA,NA,NA,NA
2020,"Program Revenues",NA,"Operating Grants and Contributions",1275000,1000,60311000,36667000,48325000,138633000,28700000,1907000,22144000,339427000,NA,NA,NA,NA,275000,1171000,NA,18000,NA,NA,NA,NA,NA
2020,"Program Revenues",NA,"Total Program Revenues",24216000,2589000,181304000,134046000,130965000,320624000,124512000,43262000,49490000,1031910000,5909000,NA,NA,NA,5081000,9894000,0,18000,NA,NA,NA,NA,NA
2019,"Expenses",NA,"Expenses",40856000,1961000,255529000,170421000,207300000,335620000,120255000,57157000,131699000,1379023000,5400000,NA,NA,NA,18345000,33907000,NA,573000,NA,NA,NA,NA,NA
2019,"Expenses",NA,"Net (Expenses) Revenues",-32405000,308000,-44706000,-34980000,-87835000,-34852000,-43856000,-35933000,-81987000,-431539000,246000,NA,NA,NA,-1682000,-33284000,NA,-573000,NA,NA,NA,NA,NA
2019,"General Revenues",NA,"Gain (Loss) on Sale of Capital Assets",NA,NA,NA,NA,NA,NA,NA,NA,121000,122000,NA,NA,NA,NA,1000,NA,NA,NA,NA,NA,NA,NA,NA
2019,"General Revenues",NA,"Miscellaneous",NA,NA,NA,NA,NA,NA,NA,186000,NA,5358000,NA,NA,NA,NA,5162000,10000,NA,NA,NA,NA,NA,NA,NA
2019,"General Revenues",NA,"Permanent Endowments Contributions",NA,NA,3874000,388000,638000,NA,132000,NA,40000,5072000,NA,NA,NA,NA,NA,NA,NA,NA,NA,NA,NA,NA,NA
2019,"General Revenues",NA,"State Appropriations",30902000,NA,90744000,42661000,103056000,117271000,39813000,33611000,83781000,579471000,300000,NA,NA,NA,NA,35357000,NA,1975000,NA,NA,NA,NA,NA
2019,"General Revenues",NA,"Total General Revenues and Contributions",30929000,0,94618000,43049000,103694000,117271000,39945000,33797000,83942000,590555000,343000,NA,NA,NA,5187000,35805000,NA,1975000,NA,NA,NA,NA,NA
2019,"General Revenues",NA,"Unrestricted Investment Income",27000,NA,NA,NA,NA,NA,NA,NA,NA,532000,43000,NA,NA,NA,24000,438000,NA,NA,NA,NA,NA,NA,NA
2019,"Net Position",NA,"Change in Net Position",-1476000,308000,49912000,8069000,15859000,82419000,-3911000,-2136000,1955000,159016000,589000,NA,NA,NA,3505000,2521000,NA,1402000,NA,NA,NA,NA,NA
2019,"Net Position",NA,"Net Position - Beginning",25187000,2461000,570737000,221539000,371639000,546740000,187067000,117933000,214063000,2297542000,2892000,NA,NA,NA,2758000,34526000,NA,NA,NA,NA,NA,NA,NA
2019,"Net Position",NA,"Net Position - Ending",23711000,2769000,620649000,229608000,387498000,629159000,183156000,115797000,216018000,2456558000,3481000,NA,NA,NA,6263000,37047000,NA,1402000,NA,NA,NA,NA,NA
2019,"Program Revenues","Charges for Services:","Sales, Services, and Other Revenues",7227000,2225000,25856000,25037000,15835000,28801000,8823000,-1416000,5544000,140700000,5646000,NA,NA,NA,16663000,459000,NA,NA,NA,NA,NA,NA,NA
2019,"Program Revenues","Charges for Services:","Scholarship Allowances",NA,NA,-39471000,-32347000,-19183000,-54576000,-14344000,-6789000,-3640000,-170350000,NA,NA,NA,NA,NA,NA,NA,NA,NA,NA,NA,NA,NA
2019,"Program Revenues","Charges for Services:","Tuition and Fees",NA,NA,125293000,93834000,78550000,202749000,57769000,16465000,15018000,589678000,NA,NA,NA,NA,NA,NA,NA,NA,NA,NA,NA,NA,NA
2019,"Program Revenues",NA,"Capital Grants and Contributions",NA,NA,34070000,14926000,2754000,31215000,1293000,11350000,12203000,107811000,NA,NA,NA,NA,NA,NA,NA,NA,NA,NA,NA,NA,NA
2019,"Program Revenues",NA,"Operating Grants and Contributions",1224000,44000,65075000,33991000,41509000,92579000,22858000,1614000,20587000,279645000,NA,NA,NA,NA,NA,164000,NA,NA,NA,NA,NA,NA,NA
2019,"Program Revenues",NA,"Total Program Revenues",8451000,2269000,210823000,135441000,119465000,300768000,76399000,21224000,49712000,947484000,5646000,NA,NA,NA,16663000,623000,NA,0,NA,NA,NA,NA,NA
2018,"Expenses",NA,"Expenses",36797000,1861000,242294000,148425000,215231000,366302000,100416000,52514000,115304000,1301290000,4663000,NA,NA,NA,3989000,13494000,NA,NA,NA,NA,NA,NA,NA
2018,"General Revenues",NA,"Gain (Loss) on Sale of Capital Assets",-248000,NA,NA,NA,NA,NA,NA,NA,-65000,-313000,NA,NA,NA,NA,NA,NA,NA,NA,NA,NA,NA,NA,NA
2018,"General Revenues",NA,"Miscellaneous",NA,NA,NA,NA,3000,NA,523000,101000,70000,1968000,NA,NA,NA,NA,618000,653000,NA,NA,NA,NA,NA,NA,NA
2018,"General Revenues",NA,"Permanent Endowment Contributions",NA,NA,9777000,517000,1097000,6703000,895000,NA,NA,18989000,NA,NA,NA,NA,NA,NA,NA,NA,NA,NA,NA,NA,NA
2018,"General Revenues",NA,"State Appropriations",28575000,NA,84971000,43343000,97976000,106398000,36662000,24859000,75447000,501086000,2855000,NA,NA,NA,NA,NA,NA,NA,NA,NA,NA,NA,NA
2018,"General Revenues",NA,"Total General Revenues and Contributions",28343000,0,94748000,43860000,99076000,113101000,38080000,24960000,75452000,521979000,2868000,NA,NA,NA,629000,862000,NA,NA,NA,NA,NA,NA,NA
2018,"General Revenues",NA,"Unrestricted Investment Income",16000,NA,NA,NA,NA,NA,NA,NA,NA,249000,13000,NA,NA,NA,11000,209000,NA,NA,NA,NA,NA,NA,NA
2018,"Net Position",NA,"Change in Net Position",332000,293000,26283000,1779000,40311000,17896000,16552000,23267000,43636000,173996000,2383000,NA,NA,NA,-208000,1472000,NA,NA,NA,NA,NA,NA,NA
2018,"Net Position",NA,"Net Position - Beginning",24855000,2168000,544454000,219760000,331328000,528844000,170515000,94666000,170427000,2123546000,509000,NA,NA,NA,2966000,33054000,NA,NA,NA,NA,NA,NA,NA
2018,"Net Position",NA,"Net Position - Ending",25187000,2461000,570737000,221539000,371639000,546740000,187067000,117933000,214063000,2297542000,2892000,NA,NA,NA,2758000,34526000,NA,NA,NA,NA,NA,NA,NA
2018,"Program Revenues","Charges for Services:","Sales, Services, and Other Revenues",7537000,2104000,23262000,19921000,16359000,23817000,10494000,6093000,8482000,139555000,4178000,NA,NA,NA,3152000,14156000,NA,NA,NA,NA,NA,NA,NA
2018,"Program Revenues","Charges for Services:","Scholarship Allowances",NA,NA,-38192000,-28996000,-17614000,-42745000,-11980000,-6262000,-3468000,-149257000,NA,NA,NA,NA,NA,NA,NA,NA,NA,NA,NA,NA,NA
2018,"Program Revenues","Charges for Services:","Tuition and Fees",NA,NA,121374000,82860000,80522000,180350000,50436000,15632000,14104000,545278000,NA,NA,NA,NA,NA,NA,NA,NA,NA,NA,NA,NA,NA
2018,"Program Revenues",NA,"Capital Grants and Contributions",NA,NA,7385000,28056000,39567000,22475000,6669000,32985000,45466000,182603000,NA,NA,NA,NA,NA,NA,NA,NA,NA,NA,NA,NA,NA
2018,"Program Revenues",NA,"Net (Expenses) Revenues",-28011000,293000,-68465000,-42081000,-58765000,-95205000,-21528000,-1693000,-31816000,-347983000,-485000,NA,NA,NA,-837000,610000,NA,NA,NA,NA,NA,NA,NA
2018,"Program Revenues",NA,"Operating Grants and Contributions",1249000,50000,60000000,4503000,37632000,87200000,23269000,2373000,18904000,235128000,NA,NA,NA,NA,NA,-52000,NA,NA,NA,NA,NA,NA,NA
2018,"Program Revenues",NA,"Total Program Revenues",8786000,2154000,173829000,106344000,156466000,271097000,78888000,50821000,83488000,953307000,4178000,NA,NA,NA,3152000,14104000,NA,NA,NA,NA,NA,NA,NA
2017,"Expenses",NA,"Expenses",35083000,1686000,238000000,144618000,220104000,337621000,91768000,48812000,104595000,1269687000,4395000,NA,NA,NA,22948000,20057000,NA,NA,NA,NA,NA,NA,NA
2017,"General Revenues",NA,"Donations",NA,174000,NA,NA,NA,NA,NA,NA,NA,174000,NA,NA,NA,NA,NA,NA,NA,NA,NA,NA,NA,NA,NA
2017,"General Revenues",NA,"Miscellaneous",NA,NA,NA,NA,NA,NA,NA,NA,18000,18000,NA,NA,NA,NA,NA,NA,NA,NA,NA,NA,NA,NA,NA
2017,"General Revenues",NA,"Permanent Endowments Contributions",NA,NA,2963000,452000,NA,6703000,210000,71000,NA,10399000,NA,NA,NA,NA,NA,NA,NA,NA,NA,NA,NA,NA,NA
2017,"General Revenues",NA,"State Appropriations",27585000,NA,81512000,36171000,97976000,106398000,33570000,23392000,67382000,482161000,675000,NA,NA,NA,NA,7500000,NA,NA,NA,NA,NA,NA,NA
2017,"General Revenues",NA,"Total General Revenues and Contributions",27594000,174000,84475000,36623000,97976000,113101000,33780000,23463000,67400000,492771000,676000,NA,NA,NA,9000,7500000,NA,NA,NA,NA,NA,NA,NA
2017,"General Revenues",NA,"Unrestricted Investment Income",9000,NA,NA,NA,NA,NA,NA,NA,NA,19000,1000,NA,NA,NA,9000,NA,NA,NA,NA,NA,NA,NA,NA
2017,"Net Position",NA,"Adjustment to Beginning Net Position",-1401000,NA,NA,NA,NA,NA,NA,NA,NA,-1401000,NA,NA,NA,NA,NA,NA,NA,NA,NA,NA,NA,NA,NA
2017,"Net Position",NA,"Change in Net Position",15708000,191000,26567000,7001000,-3560000,29709000,11795000,-2097000,4893000,67879000,196000,NA,NA,NA,-21461000,-1063000,NA,NA,NA,NA,NA,NA,NA
2017,"Net Position",NA,"Net (Expenses) Revenues",-11886000,17000,-57908000,-29622000,-101536000,-83392000,-21985000,-25560000,-62507000,-424892000,-480000,NA,NA,NA,-21470000,-8563000,NA,NA,NA,NA,NA,NA,NA
2017,"Net Position",NA,"Net Position – Beginning",10548000,1977000,517887000,212759000,334888000,499135000,158720000,96763000,165534000,2057068000,313000,NA,NA,NA,24427000,34117000,NA,NA,NA,NA,NA,NA,NA
2017,"Net Position",NA,"Net Position – Beginning as Adjusted",9147000,1977000,517887000,212759000,334888000,499135000,158720000,96763000,165534000,2055667000,313000,NA,NA,NA,24427000,34117000,NA,NA,NA,NA,NA,NA,NA
2017,"Net Position",NA,"Net Position – Ending",24855000,2168000,544454000,219760000,331328000,528844000,170515000,94666000,170427000,2123546000,509000,NA,NA,NA,2966000,33054000,NA,NA,NA,NA,NA,NA,NA
2017,"Program Revenues","Charges for Services:","Sales, Services, and Other Revenues",7132000,1703000,23416000,21513000,13235000,23816000,8581000,4848000,11383000,132371000,3915000,NA,NA,NA,1478000,11351000,NA,NA,NA,NA,NA,NA,NA
2017,"Program Revenues","Charges for Services:","Scholarship Allowances",NA,NA,-33247000,-27302000,-17614000,-42852000,-9939000,-5867000,-3407000,-140228000,NA,NA,NA,NA,NA,NA,NA,NA,NA,NA,NA,NA,NA
2017,"Program Revenues","Charges for Services:","Tuition and Fees",NA,NA,117067000,80206000,80228000,180457000,45684000,14732000,13207000,531581000,NA,NA,NA,NA,NA,NA,NA,NA,NA,NA,NA,NA,NA
2017,"Program Revenues",NA,"Capital Grants and Contributions",15317000,NA,13607000,7095000,75000,5608000,7662000,NA,6937000,56301000,NA,NA,NA,NA,NA,NA,NA,NA,NA,NA,NA,NA,NA
2017,"Program Revenues",NA,"Operating Grants and Contributions",748000,NA,59249000,33484000,42644000,87200000,17795000,9539000,13968000,264770000,NA,NA,NA,NA,NA,143000,NA,NA,NA,NA,NA,NA,NA
2017,"Program Revenues",NA,"Total Program Revenues",23197000,1703000,180092000,114996000,118568000,254229000,69783000,23252000,42088000,844795000,3915000,NA,NA,NA,1478000,11494000,NA,NA,NA,NA,NA,NA,NA
2016,"Expenses",NA,"Expenses",33378000,1521000,228589000,149628000,211802000,307368000,99819000,50077000,100692000,1202262000,4125000,NA,NA,NA,4067000,11196000,NA,NA,NA,NA,NA,NA,NA
2016,"General Revenues",NA,"Gain (Loss) on Sale of Capital Assets",-439000,NA,NA,NA,NA,NA,NA,NA,NA,-1328000,NA,NA,NA,NA,NA,-889000,NA,NA,NA,NA,NA,NA,NA
2016,"General Revenues",NA,"Miscellaneous",NA,NA,NA,NA,NA,NA,NA,NA,165000,165000,NA,NA,NA,NA,NA,NA,NA,NA,NA,NA,NA,NA,NA
2016,"General Revenues",NA,"Permanent Endowments Contributions",NA,NA,2302000,845000,NA,1315000,2650000,52000,NA,7164000,NA,NA,NA,NA,NA,NA,NA,NA,NA,NA,NA,NA,NA
2016,"General Revenues",NA,"State Appropriations",26068000,NA,77274000,35219000,97957000,102596000,31955000,24258000,63479000,468681000,675000,NA,NA,NA,NA,9200000,NA,NA,NA,NA,NA,NA,NA
2016,"General Revenues",NA,"Total General Revenues and Contributions",25634000,0,79576000,36064000,97957000,103911000,34605000,24310000,63644000,474693000,675000,NA,NA,NA,6000,8311000,NA,NA,NA,NA,NA,NA,NA
2016,"General Revenues",NA,"Unrestricted Investment Income",5000,NA,NA,NA,NA,NA,NA,NA,NA,11000,NA,NA,NA,NA,6000,NA,NA,NA,NA,NA,NA,NA,NA
2016,"Net Position",NA,"Adjustment to Beginning Net Position",NA,NA,NA,NA,NA,NA,NA,NA,NA,-315000,-315000,NA,NA,NA,NA,NA,NA,NA,NA,NA,NA,NA,NA
2016,"Net Position",NA,"Change in Net Position",1075000,253000,65022000,6060000,7570000,28959000,-1397000,647000,21533000,163697000,118000,NA,NA,NA,24657000,9200000,NA,NA,NA,NA,NA,NA,NA
2016,"Net Position",NA,"Net Position – Beginning",9473000,1724000,452865000,206699000,327318000,470176000,160117000,96116000,144001000,1893686000,510000,NA,NA,NA,-230000,24917000,NA,NA,NA,NA,NA,NA,NA
2016,"Net Position",NA,"Net Position – Beginning as Adjusted",9473000,1724000,452865000,206699000,327318000,470176000,160117000,96116000,144001000,1893371000,195000,NA,NA,NA,-230000,24917000,NA,NA,NA,NA,NA,NA,NA
2016,"Net Position",NA,"Net Position – Ending",10548000,1977000,517887000,212759000,334888000,499135000,158720000,96763000,165534000,2057068000,313000,NA,NA,NA,24427000,34117000,NA,NA,NA,NA,NA,NA,NA
2016,"Program Revenues","Charges for Services:","Sales, Services, and Other Revenues",7062000,1477000,22620000,19514000,13648000,22195000,9152000,4977000,10373000,130079000,3568000,NA,NA,NA,3422000,12071000,NA,NA,NA,NA,NA,NA,NA
2016,"Program Revenues","Charges for Services:","Scholarship Allowances",NA,NA,-30787000,-24334000,-17541000,-41492000,-10157000,-6044000,-2973000,-133328000,NA,NA,NA,NA,NA,NA,NA,NA,NA,NA,NA,NA,NA
2016,"Program Revenues","Charges for Services:","Tuition and Fees",NA,NA,113064000,85567000,79608000,167568000,42594000,14585000,13654000,516640000,NA,NA,NA,NA,NA,NA,NA,NA,NA,NA,NA,NA,NA
2016,"Program Revenues",NA,"Capital Grants and Contributions",19000,NA,64243000,8027000,430000,1289000,1975000,3000000,22756000,127035000,NA,NA,NA,NA,25296000,NA,NA,NA,NA,NA,NA,NA,NA
2016,"Program Revenues",NA,"Net (Expenses) Revenues",-24559000,253000,-14554000,-30004000,-90387000,-74952000,-36002000,-23663000,-42111000,-310996000,-557000,NA,NA,NA,24651000,889000,NA,NA,NA,NA,NA,NA,NA
2016,"Program Revenues",NA,"Operating Grants and Contributions",1738000,297000,44895000,30850000,45270000,82856000,20253000,9896000,14771000,250840000,NA,NA,NA,NA,NA,14000,NA,NA,NA,NA,NA,NA,NA
2016,"Program Revenues",NA,"Total Program Revenues",8819000,1774000,214035000,119624000,121415000,232416000,63817000,26414000,58581000,891266000,3568000,NA,NA,NA,28718000,12085000,NA,NA,NA,NA,NA,NA,NA
2015,"Expenses",NA,"Expenses",31046000,1410000,220497000,141584000,205421000,293527000,90814000,43056000,89742000,1154000000,4738000,16580000,NA,NA,4369000,11216000,NA,NA,NA,NA,NA,NA,NA
2015,"Expenses",NA,"Net (Expenses) Revenues",-23032000,105000,-63559000,-21714000,-78633000,-22028000,-24918000,-24614000,-52732000,-328231000,-1226000,-16206000,NA,NA,-543000,869000,NA,NA,NA,NA,NA,NA,NA
2015,"General Revenues",NA,"Donations",NA,8000,NA,NA,NA,NA,NA,NA,NA,8000,NA,NA,NA,NA,NA,NA,NA,NA,NA,NA,NA,NA,NA
2015,"General Revenues",NA,"Gain (Loss) on Sale of Capital Assets",NA,NA,NA,NA,NA,NA,NA,NA,NA,-889000,NA,NA,NA,NA,NA,-889000,NA,NA,NA,NA,NA,NA,NA
2015,"General Revenues",NA,"Permanent Endowments Contributions",NA,NA,2432000,977000,NA,907000,1253000,93000,NA,5662000,NA,NA,NA,NA,NA,NA,NA,NA,NA,NA,NA,NA,NA
2015,"General Revenues",NA,"State Appropriations",24259000,NA,73372000,33290000,90368000,100190000,26085000,20066000,55517000,424253000,1106000,NA,NA,NA,NA,NA,NA,NA,NA,NA,NA,NA,NA
2015,"General Revenues",NA,"Total General Revenues and Contributions",24262000,8000,75804000,34267000,90368000,101097000,27338000,20159000,55517000,429049000,1106000,0,NA,NA,12000,-889000,NA,NA,NA,NA,NA,NA,NA
2015,"General Revenues",NA,"Unrestricted Investment Income",3000,NA,NA,NA,NA,NA,NA,NA,NA,15000,NA,NA,NA,NA,12000,NA,NA,NA,NA,NA,NA,NA,NA
2015,"Net Position",NA,"Adjustment to Beginning Net Position",-8006000,-156000,-14167000,-9681000,-13862000,-19545000,-5042000,-3488000,-16017000,-65141000,NA,NA,NA,NA,-114000,24937000,NA,NA,NA,NA,NA,NA,NA
2015,"Net Position",NA,"Change in Net Position",1230000,113000,12245000,12553000,11735000,79069000,2420000,-4455000,2785000,100818000,-120000,-16206000,NA,NA,-531000,-20000,NA,NA,NA,NA,NA,NA,NA
2015,"Net Position",NA,"Net Position – Beginning",16249000,1767000,454787000,203827000,329445000,410652000,162739000,104059000,157233000,1858009000,630000,16206000,NA,NA,415000,NA,NA,NA,NA,NA,NA,NA,NA
2015,"Net Position",NA,"Net Position – Beginning as Adjusted",8243000,1611000,440620000,194146000,315583000,391107000,157697000,100571000,141216000,1792868000,630000,16206000,NA,NA,301000,24937000,NA,NA,NA,NA,NA,NA,NA
2015,"Net Position",NA,"Net Position – Ending",9473000,1724000,452865000,206699000,327318000,470176000,160117000,96116000,144001000,1893686000,510000,0,NA,NA,-230000,24917000,NA,NA,NA,NA,NA,NA,NA
2015,"Program Revenues","Charges for Services:","Sales, Services, and Other Revenues",6037000,1458000,22052000,19308000,14150000,24079000,9387000,4012000,10405000,130297000,3512000,NA,NA,NA,3826000,12071000,NA,NA,NA,NA,NA,NA,NA
2015,"Program Revenues","Charges for Services:","Scholarship Allowances",NA,NA,-29816000,-19787000,-20138000,-32489000,-9392000,-5508000,-2957000,-120087000,NA,NA,NA,NA,NA,NA,NA,NA,NA,NA,NA,NA,NA
2015,"Program Revenues","Charges for Services:","Tuition and Fees",NA,NA,109575000,85233000,82654000,141528000,39297000,12556000,13754000,484597000,NA,NA,NA,NA,NA,NA,NA,NA,NA,NA,NA,NA,NA
2015,"Program Revenues",NA,"Capital Grants and Contributions",510000,NA,7147000,7708000,1426000,46424000,1360000,289000,3137000,68001000,NA,NA,NA,NA,NA,NA,NA,NA,NA,NA,NA,NA,NA
2015,"Program Revenues",NA,"Operating Grants and Contributions",1467000,57000,47980000,27408000,48696000,91957000,25244000,7093000,12671000,262961000,NA,374000,NA,NA,NA,14000,NA,NA,NA,NA,NA,NA,NA
2015,"Program Revenues",NA,"Total Program Revenues",8014000,1515000,156938000,119870000,126788000,271499000,65896000,18442000,37010000,825769000,3512000,374000,NA,NA,3826000,12085000,NA,NA,NA,NA,NA,NA,NA
2014,"Expenses",NA,"Expenses",30386000,1452000,217240000,124966000,209105000,275355000,94664000,40796000,86053000,1111104000,5686000,20721000,NA,NA,4680000,NA,NA,NA,NA,NA,NA,NA,NA
2014,"Expenses",NA,"Net (Expenses) Revenues",-23027000,95000,-46351000,-15506000,-19477000,-55890000,-27543000,-20085000,-50372000,-269451000,-2073000,-9214000,NA,NA,-8000,NA,NA,NA,NA,NA,NA,NA,NA
2014,"General Revenues",NA,"Change in Net Position",258000,95000,23723000,16902000,55543000,16266000,-533000,130000,395000,110499000,-1229000,-1051000,NA,NA,0,NA,NA,NA,NA,NA,NA,NA,NA
2014,"General Revenues",NA,"Permanent Endowments Contributions",NA,NA,2807000,162000,NA,NA,NA,NA,NA,5044000,NA,NA,NA,NA,NA,NA,NA,NA,NA,NA,NA,NA,NA
2014,"General Revenues",NA,"State Appropriations",23283000,NA,67267000,32246000,75020000,71280000,25963000,20063000,50767000,374817000,844000,8084000,NA,NA,NA,NA,NA,NA,NA,NA,NA,NA,NA
2014,"General Revenues",NA,"Total General Revenues",23285000,NA,70074000,32408000,75020000,72156000,27010000,20215000,50767000,379950000,844000,8163000,NA,NA,8000,NA,NA,NA,NA,NA,NA,NA,NA
2014,"General Revenues",NA,"Unrestricted Investment Income",2000,NA,NA,NA,NA,876000,1047000,152000,NA,89000,NA,79000,NA,NA,8000,NA,NA,NA,NA,NA,NA,NA,NA
2014,"Net Position",NA,"Net Position – Beginning",15991000,1672000,431064000,186925000,273902000,394386000,163272000,103929000,156838000,1747510000,1859000,17257000,NA,NA,415000,NA,NA,NA,NA,NA,NA,NA,NA
2014,"Net Position",NA,"Net Position – Ending",16249000,1767000,454787000,203827000,329445000,410652000,162739000,104059000,157233000,1858009000,630000,16206000,NA,NA,415000,NA,NA,NA,NA,NA,NA,NA,NA
2014,"Program Revenues","Charges for Services:","Sales, Services, and Other Revenues",5904000,1547000,22399000,20519000,16270000,21450000,9785000,4238000,7851000,128768000,3613000,10520000,NA,NA,4672000,NA,NA,NA,NA,NA,NA,NA,NA
2014,"Program Revenues","Charges for Services:","Scholarship Allowances",NA,NA,-27215000,-15784000,-21850000,-26802000,-9099000,-5129000,-2832000,-108711000,NA,NA,NA,NA,NA,NA,NA,NA,NA,NA,NA,NA,NA
2014,"Program Revenues","Charges for Services:","Tuition and Fees",NA,NA,105793000,62281000,88687000,133487000,37331000,11858000,13266000,452703000,NA,NA,NA,NA,NA,NA,NA,NA,NA,NA,NA,NA,NA
2014,"Program Revenues",NA,"Capital Grants and Contributions",NA,NA,8636000,5904000,51433000,7029000,4704000,622000,4533000,82861000,NA,NA,NA,NA,NA,NA,NA,NA,NA,NA,NA,NA,NA
2014,"Program Revenues",NA,"Operating Grants and Contributions",1455000,NA,61276000,36540000,55088000,84301000,24400000,9122000,12863000,286032000,NA,987000,NA,NA,NA,NA,NA,NA,NA,NA,NA,NA,NA
2014,"Program Revenues",NA,"Total Program Revenues",7359000,1547000,170889000,109460000,189628000,219465000,67121000,20711000,35681000,841653000,3613000,11507000,NA,NA,4672000,NA,NA,NA,NA,NA,NA,NA,NA
2013,"Expenses",NA,"Expenses",28417000,1799000,207448000,115493000,205685000,274432000,89768000,45222000,95582000,1108811000,4436000,35153000,NA,NA,5376000,NA,NA,NA,NA,NA,NA,NA,NA
2013,"General Revenues",NA,"Change in Net Position",791000,0,56344000,14340000,4290000,11483000,1647000,-5597000,-3715000,75860000,89000,-3116000,NA,NA,-696000,NA,NA,NA,NA,NA,NA,NA,NA
2013,"General Revenues",NA,"Permanent Endowments Contributions",NA,NA,12845000,1259000,NA,955000,63000,152000,NA,15274000,NA,NA,NA,NA,NA,NA,NA,NA,NA,NA,NA,NA,NA
2013,"General Revenues",NA,"State Appropriations",23379000,NA,62950000,30649000,68604000,67617000,21474000,20586000,44502000,348519000,675000,8083000,NA,NA,NA,NA,NA,NA,NA,NA,NA,NA,NA
2013,"General Revenues",NA,"Total General Revenues",23379000,0,86990000,33388000,70251000,73276000,21657000,20951000,44601000,383375000,675000,8199000,NA,NA,8000,NA,NA,NA,NA,NA,NA,NA,NA
2013,"General Revenues",NA,"Unrestricted Investment Income",NA,NA,11195000,1480000,1647000,4704000,120000,213000,99000,19582000,NA,116000,NA,NA,8000,NA,NA,NA,NA,NA,NA,NA,NA
2013,"Net Position",NA,"Net Position - Beginning",15200000,1672000,374720000,172585000,269612000,382903000,161625000,109526000,160553000,1671650000,1770000,20373000,NA,NA,1111000,NA,NA,NA,NA,NA,NA,NA,NA
2013,"Net Position",NA,"Net Position - Ending",15991000,1672000,431064000,186925000,273902000,394386000,163272000,103929000,156838000,1747510000,1859000,17257000,NA,NA,415000,NA,NA,NA,NA,NA,NA,NA,NA
2013,"Program Revenues","Charges for Services:","Sales, Services, and Other Revenues",4934000,1799000,22295000,22442000,17274000,23010000,8855000,3532000,7846000,142736000,3850000,22227000,NA,NA,4672000,NA,NA,NA,NA,NA,NA,NA,NA
2013,"Program Revenues","Charges for Services:","Scholarship Allowances",NA,NA,-27464000,-13801000,-21068000,-27252000,-9121000,-4625000,-2483000,-105814000,NA,NA,NA,NA,NA,NA,NA,NA,NA,NA,NA,NA,NA
2013,"Program Revenues","Charges for Services:","Tuition and Fees",NA,NA,107707000,48887000,87079000,136337000,37376000,11805000,11423000,440614000,NA,NA,NA,NA,NA,NA,NA,NA,NA,NA,NA,NA,NA
2013,"Program Revenues",NA,"Capital Grants and Contributions",NA,NA,28725000,13707000,81000,3847000,7190000,200000,15781000,69531000,NA,NA,NA,NA,NA,NA,NA,NA,NA,NA,NA,NA,NA
2013,"Program Revenues",NA,"Net (Expenses) Revenues",-22588000,0,-30646000,-19048000,-65961000,-61793000,-20010000,-26548000,-48316000,-307515000,-586000,-11315000,NA,NA,-704000,NA,NA,NA,NA,NA,NA,NA,NA
2013,"Program Revenues",NA,"Operating Grants and Contributions",895000,NA,45539000,25210000,56358000,76697000,25458000,7762000,14699000,254229000,NA,1611000,NA,NA,NA,NA,NA,NA,NA,NA,NA,NA,NA
2013,"Program Revenues",NA,"Total Program Revenues",5829000,1799000,176802000,96445000,139724000,212639000,69758000,18674000,47266000,801296000,3850000,23838000,NA,NA,4672000,NA,NA,NA,NA,NA,NA,NA,NA
2012,"Expenses",NA,"Expenses",27847000,1915000,198671000,112145000,203146000,279702000,85122000,42708000,84285000,1091255000,4126000,34171000,NA,NA,17417000,NA,NA,NA,NA,NA,NA,NA,NA
2012,"Expenses",NA,"Net (Expenses) Revenues",-21980000,-116000,-50549000,-27795000,-63407000,-10337000,10026000,-20872000,-45054000,-249621000,-613000,-10637000,NA,NA,-8287000,NA,NA,NA,NA,NA,NA,NA,NA
2012,"General Revenues",NA,"Permanent Endowments Contributions",NA,NA,1046000,4371000,NA,805000,564000,67000,NA,6853000,NA,NA,NA,NA,NA,NA,NA,NA,NA,NA,NA,NA,NA
2012,"General Revenues",NA,"State Appropriations",22747000,NA,61491000,29886000,64714000,64588000,21516000,20296000,43170000,337158000,675000,8075000,NA,NA,NA,NA,NA,NA,NA,NA,NA,NA,NA
2012,"General Revenues",NA,"Total General Revenues",22747000,0,64897000,34686000,66848000,67489000,25964000,20363000,43238000,355162000,675000,8233000,NA,NA,22000,NA,NA,NA,NA,NA,NA,NA,NA
2012,"General Revenues",NA,"Unrestricted Investment Income",NA,NA,2360000,429000,2134000,2096000,3884000,NA,68000,11151000,NA,158000,NA,NA,22000,NA,NA,NA,NA,NA,NA,NA,NA
2012,"Net Position",NA,"Change in Net Assets",767000,-116000,14348000,6891000,3441000,57152000,35990000,-509000,-1816000,105541000,62000,-2404000,NA,NA,-8265000,NA,NA,NA,NA,NA,NA,NA,NA
2012,"Net Position",NA,"Net Assets - Beginning",14433000,1788000,360372000,165694000,266171000,325751000,125635000,110035000,162369000,1566109000,1708000,22777000,NA,NA,9376000,NA,NA,NA,NA,NA,NA,NA,NA
2012,"Net Position",NA,"Net Assets - Ending",15200000,1672000,374720000,172585000,269612000,382903000,161625000,109526000,160553000,1671650000,1770000,20373000,NA,NA,1111000,NA,NA,NA,NA,NA,NA,NA,NA
2012,"Program Revenues","Charges for Services:","Sales, Services, and Other Revenues",5100000,1799000,21845000,20988000,18566000,24030000,9395000,6424000,7923000,151396000,3513000,22683000,NA,NA,9130000,NA,NA,NA,NA,NA,NA,NA,NA
2012,"Program Revenues","Charges for Services:","Scholarship Allowances",NA,NA,-23742000,-12705000,-21645000,-30999000,-7947000,-3756000,-2547000,-103341000,NA,NA,NA,NA,NA,NA,NA,NA,NA,NA,NA,NA,NA
2012,"Program Revenues","Charges for Services:","Tuition and Fees",NA,NA,101883000,44964000,79572000,138676000,33322000,11138000,13720000,423275000,NA,NA,NA,NA,NA,NA,NA,NA,NA,NA,NA,NA,NA
2012,"Program Revenues",NA,"Capital Grants and Contributions",NA,NA,4408000,4863000,8916000,48959000,35559000,277000,2576000,105558000,NA,NA,NA,NA,NA,NA,NA,NA,NA,NA,NA,NA,NA
2012,"Program Revenues",NA,"Operating Grants and Contributions",767000,NA,43728000,26240000,54330000,88699000,24819000,7753000,17559000,264746000,NA,851000,NA,NA,NA,NA,NA,NA,NA,NA,NA,NA,NA
2012,"Program Revenues",NA,"Total Program Revenues",5867000,1799000,148122000,84350000,139739000,269365000,95148000,21836000,39231000,841634000,3513000,23534000,NA,NA,9130000,NA,NA,NA,NA,NA,NA,NA,NA
2011,"Expenses",NA,"Expenses",29466000,1910000,207079000,107826000,203636000,256062000,77348000,43021000,84790000,1070183000,4148000,38340000,NA,NA,16557000,NA,NA,NA,NA,NA,NA,NA,NA
2011,"Expenses",NA,"Net (Expenses) Revenues",-23688000,160000,-48463000,-13486000,-62160000,-41381000,-19734000,-21808000,-5405000,-249166000,-518000,-13483000,NA,NA,800000,NA,NA,NA,NA,NA,NA,NA,0
2011,"General Revenues",NA,"Permanent Endowments Contributions",NA,NA,1054000,856000,NA,566000,98000,101000,NA,2675000,NA,NA,NA,NA,NA,NA,NA,NA,NA,NA,NA,NA,NA
2011,"General Revenues",NA,"State Appropriations",22754000,NA,61198000,29450000,63953000,61824000,21181000,36012000,43219000,348373000,707000,8075000,NA,NA,NA,NA,NA,NA,NA,NA,NA,NA,NA
2011,"General Revenues",NA,"Total General Revenues",22758000,0,78907000,32143000,66015000,65473000,23297000,36113000,43279000,377013000,707000,8274000,NA,NA,47000,NA,NA,NA,NA,NA,NA,NA,0
2011,"General Revenues",NA,"Unrestricted Investment Income",4000,NA,16655000,1837000,2062000,3083000,2018000,NA,60000,25965000,NA,199000,NA,NA,47000,NA,NA,NA,NA,NA,NA,NA,NA
2011,"Net Position",NA,"Adjustment to Beginning Net Assets",NA,NA,NA,NA,NA,NA,NA,NA,NA,-61732000,NA,NA,NA,NA,NA,NA,NA,NA,NA,NA,NA,NA,-61732000
2011,"Net Position",NA,"Change in Net Assets",-930000,160000,30444000,18657000,3855000,24092000,3563000,14305000,37874000,127847000,189000,-5209000,NA,NA,847000,NA,NA,NA,NA,NA,NA,NA,0
2011,"Net Position",NA,"Net Assets – Beginning",15363000,1628000,329928000,147037000,262316000,301659000,122072000,95730000,124495000,1499994000,1519000,27986000,NA,NA,8529000,NA,NA,NA,NA,NA,NA,NA,61732000
2011,"Net Position",NA,"Net Assets – Beginning as Adjusted",15363000,1628000,329928000,147037000,262316000,301659000,122072000,95730000,124495000,1438262000,1519000,27986000,NA,NA,8529000,NA,NA,NA,NA,NA,NA,NA,NA
2011,"Net Position",NA,"Net Assets – Ending",14433000,1788000,360372000,165694000,266171000,325751000,125635000,110035000,162369000,1566109000,1708000,22777000,NA,NA,9376000,NA,NA,NA,NA,NA,NA,NA,NA
2011,"Program Revenues","Charges for Services:","Sales, Services, and Other Revenues",5058000,2070000,20300000,20423000,24394000,24971000,7785000,4771000,8376000,162198000,3630000,23063000,NA,NA,17357000,NA,NA,NA,NA,NA,NA,NA,NA
2011,"Program Revenues","Charges for Services:","Scholarship Allowances",NA,NA,-45401000,-13455000,-1819000,-28647000,-7947000,-4160000,-1825000,-103254000,NA,NA,NA,NA,NA,NA,NA,NA,NA,NA,NA,NA,NA
2011,"Program Revenues","Charges for Services:","Tuition and Fees",NA,NA,95673000,42378000,60396000,126404000,33322000,10744000,13041000,381958000,NA,NA,NA,NA,NA,NA,NA,NA,NA,NA,NA,NA,NA
2011,"Program Revenues",NA,"Capital Grants and Contributions",NA,NA,4681000,15080000,744000,4068000,296000,211000,43447000,68527000,NA,NA,NA,NA,NA,NA,NA,NA,NA,NA,NA,NA,NA
2011,"Program Revenues",NA,"Operating Grants and Contributions",720000,NA,83363000,29914000,57761000,87885000,24158000,9647000,16346000,311588000,NA,1794000,NA,NA,NA,NA,NA,NA,NA,NA,NA,NA,NA
2011,"Program Revenues",NA,"Total Program Revenues",5778000,2070000,158616000,94340000,141476000,214681000,57614000,21213000,79385000,821017000,3630000,24857000,NA,NA,17357000,NA,NA,NA,NA,NA,NA,NA,0
2010,"Expenses",NA,"Expenses",30955000,2093000,180087000,100734000,186001000,234233000,75614000,39132000,83915000,1012513000,3954000,35054000,NA,37925000,2816000,NA,NA,NA,NA,NA,NA,NA,NA
2010,"Expenses",NA,"Net (Expenses) Revenues",-17247000,-126000,-35170000,-23879000,-55616000,-34379000,-17169000,-18133000,-19839000,-253585000,-664000,-12336000,NA,-21908000,2881000,NA,NA,NA,NA,NA,NA,NA,NA
2010,"General Revenues",NA,"Permanent Endowments Contributions",NA,NA,2665000,220000,NA,233000,65000,62000,NA,3348000,NA,NA,NA,103000,NA,NA,NA,NA,NA,NA,NA,NA,NA
2010,"General Revenues",NA,"State Appropriations",21264000,NA,59860000,28950000,63086000,49146000,21687000,20760000,44120000,340746000,739000,8500000,NA,16986000,5648000,NA,NA,NA,NA,NA,NA,NA,NA
2010,"General Revenues",NA,"Total General Revenues",21266000,0,62525000,29170000,63086000,52081000,21752000,20822000,44128000,347107000,739000,8801000,NA,17089000,5648000,NA,NA,NA,NA,NA,NA,NA,NA
2010,"General Revenues",NA,"Unrestricted Investment Income",2000,NA,NA,NA,NA,2702000,NA,NA,8000,3013000,NA,301000,NA,NA,NA,NA,NA,NA,NA,NA,NA,NA,NA
2010,"Net Position",NA,"Net Assets – Beginning",11344000,1754000,302573000,141746000,254846000,283957000,117489000,93041000,100206000,1406472000,1444000,31521000,NA,66551000,NA,NA,NA,NA,NA,NA,NA,NA,NA
2010,"Net Position",NA,"Net Assets – Ending",15363000,1628000,329928000,147037000,262316000,301659000,122072000,95730000,124495000,1499994000,1519000,27986000,NA,61732000,8529000,NA,NA,NA,NA,NA,NA,NA,NA
2010,"Program Revenues","Charges for Services:","Sales, Services, and Other Revenues",6179000,1967000,20121000,17636000,22846000,24017000,NA,4106000,9728000,139495000,3290000,20677000,NA,3231000,5697000,NA,NA,NA,NA,NA,NA,NA,NA
2010,"Program Revenues","Charges for Services:","Scholarship Allowances",NA,NA,-22430000,-10601000,-13920000,-21915000,NA,-3177000,-1353000,-74799000,NA,NA,NA,-1403000,NA,NA,NA,NA,NA,NA,NA,NA,NA
2010,"Program Revenues","Charges for Services:","Tuition and Fees",NA,NA,86389000,36964000,72042000,110610000,27841000,9539000,12057000,359574000,NA,NA,NA,4132000,NA,NA,NA,NA,NA,NA,NA,NA,NA
2010,"Program Revenues",NA,"Capital Grants and Contributions",6436000,NA,7065000,2916000,267000,5436000,317000,1322000,28088000,54228000,NA,NA,NA,2381000,NA,NA,NA,NA,NA,NA,NA,NA,NA
2010,"Program Revenues",NA,"Operating Grants and Contributions",1093000,NA,53772000,29940000,49150000,81706000,30287000,9209000,15556000,280430000,NA,2041000,NA,7676000,NA,NA,NA,NA,NA,NA,NA,NA,NA
2010,"Program Revenues",NA,"Total Program Revenues",13708000,1967000,144917000,76855000,130385000,199854000,58445000,20999000,64076000,758928000,3290000,22718000,NA,16017000,5697000,NA,NA,NA,NA,NA,NA,NA,NA
2010,NA,NA,"Change in Net Assets",4019000,-126000,27355000,5291000,7470000,17702000,4583000,2689000,24289000,93522000,75000,-3535000,NA,-4819000,8529000,NA,NA,NA,NA,NA,NA,NA,NA
2009,"Expenses",NA,"Expenses",29746000,2110000,176958000,98587000,172205000,219620000,45007000,37839000,82037000,933089000,4345000,30275000,NA,34360000,NA,NA,NA,NA,NA,NA,NA,NA,NA
2009,"Expenses",NA,"Net (Expenses) Revenues",-24543000,111000,-51390000,-35746000,-69005000,-15502000,-9568000,-22748000,-33015000,-288383000,-890000,-9723000,NA,-16364000,NA,NA,NA,NA,NA,NA,NA,NA,NA
2009,"General Revenues",NA,"Permanent Endowments Contributions",NA,NA,2613000,401000,NA,419000,146000,272000,NA,3911000,NA,NA,NA,60000,NA,NA,NA,NA,NA,NA,NA,NA,NA
2009,"General Revenues",NA,"State Appropriations",24235000,NA,64166000,32429000,64596000,66157000,22561000,20323000,48667000,371179000,795000,9300000,NA,17950000,NA,NA,NA,NA,NA,NA,NA,NA,NA
2009,"General Revenues",NA,"Total General Revenues",24241000,0,66779000,32830000,64596000,66576000,22707000,20595000,48682000,376012000,795000,10201000,NA,18010000,NA,NA,NA,NA,NA,NA,NA,NA,NA
2009,"General Revenues",NA,"Unrestricted Investment Income",6000,NA,NA,NA,NA,NA,NA,NA,15000,922000,NA,901000,NA,NA,NA,NA,NA,NA,NA,NA,NA,NA,NA
2009,"Net Position",NA,"Change in Net Assets",-302000,111000,15389000,-2916000,-4409000,51074000,13139000,-2153000,15667000,87629000,-95000,478000,NA,1646000,NA,NA,NA,NA,NA,NA,NA,NA,NA
2009,"Net Position",NA,"Net Assets – Beginning",11646000,1643000,287184000,144662000,259255000,232883000,104350000,95194000,84539000,1318843000,1539000,31043000,NA,64905000,NA,NA,NA,NA,NA,NA,NA,NA,NA
2009,"Net Position",NA,"Net Assets – Ending",11344000,1754000,302573000,141746000,254846000,283957000,117489000,93041000,100206000,1406472000,1444000,31521000,NA,66551000,NA,NA,NA,NA,NA,NA,NA,NA,NA
2009,"Program Revenues","Charges for Services:","Sales, Services, and Other Revenues",4469000,2221000,18434000,18079000,19458000,27061000,6714000,3800000,7229000,132572000,3455000,19112000,NA,2540000,NA,NA,NA,NA,NA,NA,NA,NA,NA
2009,"Program Revenues","Charges for Services:","Scholarship Allowances",NA,NA,-14690000,-7835000,-7385000,-11273000,-4451000,-2164000,-1206000,-50389000,NA,NA,NA,-1385000,NA,NA,NA,NA,NA,NA,NA,NA,NA
2009,"Program Revenues","Charges for Services:","Tuition and Fees",NA,NA,72549000,32769000,59072000,92334000,21666000,7920000,14028000,304281000,NA,NA,NA,3943000,NA,NA,NA,NA,NA,NA,NA,NA,NA
2009,"Program Revenues",NA,"Capital Grants and Contributions",NA,NA,26733000,1256000,1010000,48282000,627000,371000,16110000,97969000,NA,NA,NA,3580000,NA,NA,NA,NA,NA,NA,NA,NA,NA
2009,"Program Revenues",NA,"Operating Grants and Contributions",734000,NA,22542000,18572000,31045000,47714000,10883000,5164000,12861000,160273000,NA,1440000,NA,9318000,NA,NA,NA,NA,NA,NA,NA,NA,NA
2009,"Program Revenues",NA,"Total Program Revenues",5203000,2221000,125568000,62841000,103200000,204118000,35439000,15091000,49022000,644706000,3455000,20552000,NA,17996000,NA,NA,NA,NA,NA,NA,NA,NA,NA
2008,"Expenses",NA,"Expenses",29408000,2431000,167799000,93190000,162428000,189579000,55100000,36193000,79443000,878436000,2965000,27778000,32122000,NA,NA,NA,NA,NA,NA,NA,NA,NA,NA
2008,"Expenses",NA,"Net (Expenses) Revenues",-23571000,-63000,-60159000,-15167000,-61240000,-41876000,-23966000,-16489000,-48191000,-314387000,18000,-9041000,-14642000,NA,NA,NA,NA,NA,NA,NA,NA,NA,NA
2008,"General Revenues",NA,"Permanent Endowments Contributions",NA,NA,4736000,1725000,NA,2726000,78000,379000,NA,9644000,NA,NA,NA,NA,NA,NA,NA,NA,NA,NA,NA,NA,NA
2008,"General Revenues",NA,"State Appropriations",23538000,NA,68618000,34087000,71096000,64323000,26126000,24043000,49496000,390474000,397000,10800000,17950000,NA,NA,NA,NA,NA,NA,NA,NA,NA,NA
2008,"General Revenues",NA,"Total General Revenues",23552000,0,73354000,35812000,71096000,67049000,26204000,24422000,49496000,401577000,397000,12245000,17950000,NA,NA,NA,NA,NA,NA,NA,NA,NA,NA
2008,"General Revenues",NA,"Unrestricted Investment Income",14000,NA,NA,NA,NA,NA,NA,NA,NA,1459000,NA,1445000,NA,NA,NA,NA,NA,NA,NA,NA,NA,NA,NA
2008,"Net Position",NA,"Change in Net Assets",-19000,-63000,13195000,20645000,9856000,25173000,2238000,7933000,1305000,87190000,415000,3204000,3308000,NA,NA,NA,NA,NA,NA,NA,NA,NA,NA
2008,"Net Position",NA,"Net Assets – Beginning",11665000,1706000,273989000,124017000,249399000,207710000,102112000,87261000,83234000,1231653000,1124000,27839000,61597000,NA,NA,NA,NA,NA,NA,NA,NA,NA,NA
2008,"Net Position",NA,"Net Assets – Ending",11646000,1643000,287184000,144662000,259255000,232883000,104350000,95194000,84539000,1318843000,1539000,31043000,64905000,NA,NA,NA,NA,NA,NA,NA,NA,NA,NA
2008,"Program Revenues","Charges for Services:","Sales, Services, and Other Revenues",4797000,2368000,15724000,18863000,17290000,24271000,6505000,4576000,7350000,124521000,2983000,17227000,2567000,NA,NA,NA,NA,NA,NA,NA,NA,NA,NA
2008,"Program Revenues","Charges for Services:","Scholarship Allowances",NA,NA,-13076000,-7519000,-6752000,-10244000,-2971000,-2113000,-916000,-45418000,NA,NA,-1827000,NA,NA,NA,NA,NA,NA,NA,NA,NA,NA
2008,"Program Revenues","Charges for Services:","Tuition and Fees",NA,NA,68371000,29985000,54176000,82742000,17938000,7046000,8620000,272820000,NA,NA,3942000,NA,NA,NA,NA,NA,NA,NA,NA,NA,NA
2008,"Program Revenues",NA,"Capital Grants and Contributions",NA,NA,7160000,15253000,7312000,3112000,814000,5161000,2883000,45275000,NA,NA,3580000,NA,NA,NA,NA,NA,NA,NA,NA,NA,NA
2008,"Program Revenues",NA,"Operating Grants and Contributions",1040000,NA,29461000,21441000,29162000,47822000,8848000,5034000,13315000,166851000,NA,1510000,9218000,NA,NA,NA,NA,NA,NA,NA,NA,NA,NA
2008,"Program Revenues",NA,"Total Program Revenues",5837000,2368000,107640000,78023000,101188000,147703000,31134000,19704000,31252000,564049000,2983000,18737000,17480000,NA,NA,NA,NA,NA,NA,NA,NA,NA,NA
2007,"Expenses",NA,"Expenses",27305000,2457000,158308000,84170000,150599000,172165000,49940000,35001000,72982000,809545000,3983000,24071000,28564000,NA,NA,NA,NA,NA,NA,NA,NA,NA,NA
2007,"Expenses",NA,"Net (Expenses) Revenues",-22222000,110000,-43600000,-22676000,-30932000,-30888000,-13970000,-19163000,-41441000,-236029000,-1049000,-6112000,-4086000,NA,NA,NA,NA,NA,NA,NA,NA,NA,NA
2007,"General Revenues",NA,"Permanent Endowments Contributions",NA,NA,1915000,708000,NA,NA,445000,183000,NA,3279000,NA,NA,28000,NA,NA,NA,NA,NA,NA,NA,NA,NA,NA
2007,"General Revenues",NA,"State Appropriations",22125000,NA,63130000,30621000,62772000,50591000,18778000,19769000,46608000,340457000,893000,11000000,14170000,NA,NA,NA,NA,NA,NA,NA,NA,NA,NA
2007,"General Revenues",NA,"Total General Revenues",22141000,0,65045000,31329000,62772000,50591000,19223000,19952000,46744000,345418000,893000,12530000,14198000,NA,NA,NA,NA,NA,NA,NA,NA,NA,NA
2007,"General Revenues",NA,"Unrestricted Investment Income",16000,NA,NA,NA,NA,NA,NA,NA,136000,1682000,NA,1530000,NA,NA,NA,NA,NA,NA,NA,NA,NA,NA,NA
2007,"Net Position",NA,"Change in Net Assets",-81000,110000,21445000,8653000,31840000,19703000,5253000,789000,5303000,109389000,-156000,6418000,10112000,NA,NA,NA,NA,NA,NA,NA,NA,NA,NA
2007,"Net Position",NA,"Net Assets - Beginning",11746000,1596000,252544000,115364000,217559000,188007000,96859000,86472000,77931000,1122264000,1280000,21421000,51485000,NA,NA,NA,NA,NA,NA,NA,NA,NA,NA
2007,"Net Position",NA,"Net Assets - Ending",11665000,1706000,273989000,124017000,249399000,207710000,102112000,87261000,83234000,1231653000,1124000,27839000,61597000,NA,NA,NA,NA,NA,NA,NA,NA,NA,NA
2007,"Program Revenues","Charges for Services:","Sales, Services, and Other Revenues",4200000,NA,13365000,17481000,14806000,22593000,6716000,4140000,8481000,113935000,2932000,17717000,1504000,NA,NA,NA,NA,NA,NA,NA,NA,NA,NA
2007,"Program Revenues","Charges for Services:","Scholarship Allowances",NA,NA,-11875000,-7085000,-7336000,-6748000,-2571000,-2129000,-802000,-40288000,NA,NA,-1742000,NA,NA,NA,NA,NA,NA,NA,NA,NA,NA
2007,"Program Revenues","Charges for Services:","Tuition and Fees",NA,2567000,65592000,26896000,54050000,73665000,16402000,7249000,9183000,258885000,NA,NA,3281000,NA,NA,NA,NA,NA,NA,NA,NA,NA,NA
2007,"Program Revenues",NA,"Capital Grants and Contributions",NA,NA,9797000,4898000,26875000,4227000,3076000,825000,4267000,61082000,NA,NA,7117000,NA,NA,NA,NA,NA,NA,NA,NA,NA,NA
2007,"Program Revenues",NA,"Operating Grants and Contributions",883000,NA,37829000,19304000,31272000,47540000,12347000,5753000,10412000,179902000,2000,242000,14318000,NA,NA,NA,NA,NA,NA,NA,NA,NA,NA
2007,"Program Revenues",NA,"Total Program Revenues",5083000,2567000,114708000,61494000,119667000,141277000,35970000,15838000,31541000,573516000,2934000,17959000,24478000,NA,NA,NA,NA,NA,NA,NA,NA,NA,NA
2006,"Expenses",NA,"Expenses",25776000,2474000,148514000,78447000,139683000,167092000,43270000,35171000,64552000,757205000,4128000,22783000,25315000,NA,NA,NA,NA,NA,NA,NA,NA,NA,NA
2006,"Expenses",NA,"Net (Expenses) Revenues",-20906000,2000,-41992000,-26031000,-52069000,-42619000,-13876000,-19046000,-39392000,-272995000,-914000,-4404000,-11748000,NA,NA,NA,NA,NA,NA,NA,NA,NA,NA
2006,"General Revenues",NA,"Permanent Endowments Contributions",NA,NA,1915000,1660000,NA,763000,438000,224000,NA,5144000,NA,NA,144000,NA,NA,NA,NA,NA,NA,NA,NA,NA,NA
2006,"General Revenues",NA,"State Appropriations",21002000,NA,60866000,28821000,59706000,49201000,18080000,18610000,40713000,326700000,793000,16204000,12704000,NA,NA,NA,NA,NA,NA,NA,NA,NA,NA
2006,"General Revenues",NA,"Total General Revenues",21015000,0,62781000,30481000,59706000,49964000,18518000,18834000,40713000,332705000,793000,17052000,12848000,NA,NA,NA,NA,NA,NA,NA,NA,NA,NA
2006,"General Revenues",NA,"Unrestricted Investment Income",13000,NA,NA,NA,NA,NA,NA,NA,NA,861000,NA,848000,NA,NA,NA,NA,NA,NA,NA,NA,NA,NA,NA
2006,"Net Position",NA,"Change in Net Assets",109000,2000,20789000,4450000,7637000,7345000,4642000,-212000,1321000,59710000,-121000,12648000,1100000,NA,NA,NA,NA,NA,NA,NA,NA,NA,NA
2006,"Net Position",NA,"Net Assets - Beginning",11637000,1594000,231755000,110914000,209922000,180662000,92217000,86684000,76610000,1062554000,1401000,8773000,50385000,NA,NA,NA,NA,NA,NA,NA,NA,NA,NA
2006,"Net Position",NA,"Net Assets - Ending",11746000,1596000,252544000,115364000,217559000,188007000,96859000,86472000,77931000,1122264000,1280000,21421000,51485000,NA,NA,NA,NA,NA,NA,NA,NA,NA,NA
2006,"Program Revenues","Charges for Services:","Sales, Services, and Other Revenues",4086000,2476000,12530000,15602000,13941000,21585000,4780000,3025000,6626000,107417000,3171000,16784000,2811000,NA,NA,NA,NA,NA,NA,NA,NA,NA,NA
2006,"Program Revenues","Charges for Services:","Scholarship Allowances",NA,NA,-11940000,-5922000,-8021000,-5531000,-2169000,-2189000,-413000,-38396000,NA,NA,-2211000,NA,NA,NA,NA,NA,NA,NA,NA,NA,NA
2006,"Program Revenues","Charges for Services:","Tuition and Fees",NA,NA,61910000,24293000,52166000,65424000,14994000,7077000,6475000,236504000,NA,NA,4165000,NA,NA,NA,NA,NA,NA,NA,NA,NA,NA
2006,"Program Revenues",NA,"Capital Grants and Contributions",NA,NA,9999000,1148000,953000,3267000,2328000,2260000,611000,20770000,NA,NA,204000,NA,NA,NA,NA,NA,NA,NA,NA,NA,NA
2006,"Program Revenues",NA,"Operating Grants and Contributions",784000,NA,34023000,17295000,28575000,39728000,9461000,5952000,11861000,157915000,43000,1595000,8598000,NA,NA,NA,NA,NA,NA,NA,NA,NA,NA
2006,"Program Revenues",NA,"Total Program Revenues",4870000,2476000,106522000,52416000,87614000,124473000,29394000,16125000,25160000,484210000,3214000,18379000,13567000,NA,NA,NA,NA,NA,NA,NA,NA,NA,NA
2005,"Expenses",NA,"Expenses",23589000,1729000,143194000,75118000,133811000,156353000,40934000,34977000,62346000,725588000,3745000,24075000,25717000,NA,NA,NA,NA,NA,NA,NA,NA,NA,NA
2005,"Expenses",NA,"Net (Expenses) Revenues",-18951000,48000,-45061000,-23678000,-28650000,-42993000,-700000,-21690000,-33931000,-236782000,-914000,-9338000,-10924000,NA,NA,NA,NA,NA,NA,NA,NA,NA,NA
2005,"General Revenues",NA,"Change in Net Assets",224000,48000,15870000,4517000,27668000,748000,16852000,-3329000,4129000,75376000,-121000,7123000,1647000,NA,NA,NA,NA,NA,NA,NA,NA,NA,NA
2005,"General Revenues",NA,"Permanent Endowments Contributions",NA,NA,3599000,349000,NA,NA,404000,419000,NA,4874000,NA,NA,103000,NA,NA,NA,NA,NA,NA,NA,NA,NA,NA
2005,"General Revenues",NA,"State Appropriations",19167000,NA,57332000,27846000,56318000,43741000,17148000,17438000,37768000,306223000,793000,16204000,12468000,NA,NA,NA,NA,NA,NA,NA,NA,NA,NA
2005,"General Revenues",NA,"Total General Revenues",19175000,0,60931000,28195000,56318000,43741000,17552000,18361000,38060000,312158000,793000,16461000,12571000,NA,NA,NA,NA,NA,NA,NA,NA,NA,NA
2005,"General Revenues",NA,"Unrestricted Investment Income",8000,NA,NA,NA,NA,NA,NA,504000,292000,1061000,NA,257000,NA,NA,NA,NA,NA,NA,NA,NA,NA,NA,NA
2005,"Net Position",NA,"Net Assets – Beginning",NA,1546000,215885000,106397000,182254000,179914000,75365000,90013000,72481000,975765000,1522000,1650000,48738000,NA,NA,NA,NA,NA,NA,NA,NA,NA,NA
2005,"Net Position",NA,"Net Assets – Beginning as Adjusted",11413000,1546000,215885000,106397000,182254000,179914000,75365000,90013000,72481000,987178000,1522000,1650000,48738000,NA,NA,NA,NA,NA,NA,NA,NA,NA,NA
2005,"Net Position",NA,"Net Assets – Ending",11637000,1594000,231755000,110914000,209922000,180662000,92217000,86684000,76610000,1062554000,1401000,8773000,50385000,NA,NA,NA,NA,NA,NA,NA,NA,NA,NA
2005,"Net Position",NA,"Reclassify Entity as Component Unit",11413000,NA,NA,NA,NA,NA,NA,NA,NA,11413000,NA,NA,NA,NA,NA,NA,NA,NA,NA,NA,NA,NA,NA
2005,"Program Revenues","Charges for Services:","Sales, Services, and Other Revenues",3473000,1777000,12385000,15642000,14437000,22175000,4701000,2790000,5948000,103682000,2799000,14684000,2871000,NA,NA,NA,NA,NA,NA,NA,NA,NA,NA
2005,"Program Revenues","Charges for Services:","Scholarship Allowances",NA,NA,-10468000,-6068000,-8399000,-7072000,-2502000,-2403000,-335000,-39387000,NA,NA,-2140000,NA,NA,NA,NA,NA,NA,NA,NA,NA,NA
2005,"Program Revenues","Charges for Services:","Tuition and Fees",NA,NA,59512000,20319000,49551000,65300000,14349000,6127000,6102000,225413000,NA,NA,4153000,NA,NA,NA,NA,NA,NA,NA,NA,NA,NA
2005,"Program Revenues",NA,"Capital Grants and Contributions",NA,NA,6108000,5163000,23129000,793000,13480000,178000,4367000,53218000,NA,NA,NA,NA,NA,NA,NA,NA,NA,NA,NA,NA,NA
2005,"Program Revenues",NA,"Operating Grants and Contributions",1165000,NA,30596000,16384000,26443000,32164000,10206000,6595000,12333000,145880000,32000,53000,9909000,NA,NA,NA,NA,NA,NA,NA,NA,NA,NA
2005,"Program Revenues",NA,"Total Program Revenues",4638000,1777000,98133000,51440000,105161000,113360000,40234000,13287000,28415000,488806000,2831000,14737000,14793000,NA,NA,NA,NA,NA,NA,NA,NA,NA,NA
